{
    "depth_intrinsics": {
        "width": 1280,
        "height": 720,
        "ppx": 644.3214111328125,
        "ppy": 362.8562927246094,
        "fx": 901.4072875976562,
        "fy": 901.4072875976562,
        "model": "distortion.brown_conrady",
        "coeffs": [
            0.0,
            0.0,
            0.0,
            0.0,
            0.0
        ]
    },
    "color_intrinsics": {
        "width": 1280,
        "height": 720,
        "ppx": 639.4908447265625,
        "ppy": 362.6335754394531,
        "fx": 911.9439086914062,
        "fy": 909.5716552734375,
        "model": "distortion.inverse_brown_conrady",
        "coeffs": [
            0.0,
            0.0,
            0.0,
            0.0,
            0.0
        ]
    },
    "depth_to_color_extrinsics": {
        "rotation": [
            0.9999678134918213,
            -0.0022178206127136946,
            -0.007710982579737902,
            0.0021745553240180016,
            0.9999818801879883,
            -0.005614738445729017,
            0.007723295129835606,
            0.00559778930619359,
            0.9999545216560364
        ],
        "translation": [
            0.015158195048570633,
            -4.648544927476905e-05,
            -0.0003260996309109032
        ]
    },
    "color_to_depth_extrinsics": {
        "rotation": [
            0.9999678134918213,
            0.0021745553240180016,
            0.007723295129835606,
            -0.0022178206127136946,
            0.9999818801879883,
            0.00559778930619359,
            -0.007710982579737902,
            -0.005614738445729017,
            0.9999545216560364
        ],
        "translation": [
            -0.015160324051976204,
            1.1691309737216216e-05,
            0.00020927379955537617
        ]
    }
}